ID,Target Pressure (bar)
0,0.07349632
1,0.08962081
2,0.11052335
3,0.07395256
4,0.06579242
5,0.07239998
6,0.059099056
7,0.06321875
8,0.076343276
9,0.60413146
10,0.3523516
11,0.21027029
12,1.100822
13,0.73916274
14,0.34745005
15,0.57085454
16,0.4216483
17,0.23599711
18,0.19853643
19,0.1596188
20,0.12525368
21,0.12047192
22,0.13140538
23,0.11286654
24,0.17547935
25,0.14994755
26,0.1225493
27,0.101893164
28,0.10111163
29,0.10049272
30,0.05514399
31,0.054665066
32,0.05317778
33,0.04674623
34,0.048764445
35,0.051351495
36,0.4121658
37,0.39216322
38,0.37599877
39,0.42830873
40,0.40530226
41,0.37390012
42,0.24922705
43,0.2237542
44,0.20177804
45,0.24673258
46,0.23938374
47,0.22917628
48,0.20164408
49,0.15772699
50,0.090514876
51,0.09023664
52,0.087049104
53,0.0844521
54,0.058816977
55,0.06347854
56,0.0678033
57,0.05733288
58,0.056339867
59,0.055521704
60,0.039617755
61,0.0437207
62,0.04725579
63,0.23978305
64,0.23533665
65,0.23049186
66,0.2878955
67,0.29344547
68,0.29286668
69,0.17103939
70,0.17052607
71,0.16793293
72,0.121497385
73,0.119939305
74,0.11814403
75,0.10664145
76,0.12061568
77,0.070483364
78,0.06942827
79,0.06741182
80,0.0666068
81,0.12173288
82,0.12695144
83,0.08884118
84,0.064853884
85,0.056687243
86,0.04452879
87,0.049687304
88,0.045772083
89,0.047728695
90,0.6569238
91,0.38625383
92,0.28100666
93,0.6621918
94,0.41898596
95,0.28888616
96,0.5835376
97,0.3757666
98,0.22466032
99,0.29767436
100,0.25350842
101,0.20088452
102,0.11924971
103,0.09480176
104,0.087512024
105,0.15505943
106,0.12397129
107,0.08898056
108,0.16267368
109,0.17587367
110,0.14561298
111,0.083530195
112,0.113664724
113,0.0928605
114,0.059013434
115,0.063379295
116,0.067811586
117,0.4197721
118,0.39419308
119,0.32078525
120,0.39656687
121,0.34502742
122,0.2959992
123,0.30622727
124,0.28340158
125,0.23957834
126,0.2709081
127,0.26371974
128,0.22657713
129,0.17887561
130,0.13192755
131,0.109834544
132,0.11523057
133,0.11280025
134,0.10489348
135,0.13470182
136,0.14849877
137,0.14303747
138,0.10402513
139,0.1150027
140,0.11006438
141,0.0856675
142,0.097873755
143,0.110932805
144,0.80967283
145,0.6281175
146,0.4218153
147,0.7410471
148,0.5940647
149,0.39925757
150,0.6268864
151,0.60732365
152,0.36822444
153,0.50070006
154,0.42434645
155,0.24009497
156,0.18984127
157,0.17725195
158,0.17716493
159,0.27471063
160,0.25285086
161,0.1871943
162,0.1309662
163,0.1456224
164,0.16470365
165,0.11831104
166,0.13513893
167,0.15651987
168,0.109032206
169,0.12717408
170,0.14908414
171,0.7264262
172,0.7394114
173,0.7662844
174,0.6854876
175,0.71342695
176,0.74243355
177,0.63077956
178,0.6707258
179,0.7145329
180,0.39847076
181,0.3983415
182,0.38269007
183,0.31608522
184,0.30727732
185,0.29368153
186,0.23447761
187,0.24867527
188,0.26419717
189,0.08117325
190,0.076980956
191,0.06268222
192,0.058097787
193,0.052246936
194,0.047735877
195,0.04011313
196,0.038586117
197,0.042165585
198,0.37481886
199,0.29744333
200,0.20171393
201,0.23558824
202,0.18914938
203,0.1558423
204,0.15842213
205,0.1459156
206,0.12942517
207,0.18465188
208,0.1659688
209,0.118649684
210,0.090323694
211,0.07469288
212,0.06358499
213,0.06632743
214,0.062264808
215,0.058723994
216,0.0759554
217,0.07727099
218,0.083620705
219,0.059446998
220,0.054870643
221,0.061780907
222,0.04966513
223,0.046261974
224,0.053430356
225,0.39410907
226,0.31710753
227,0.2198949
228,0.45113304
229,0.3360178
230,0.19906569
231,0.41200754
232,0.3174398
233,0.18255574
234,0.19393899
235,0.16568445
236,0.12690271
237,0.113180436
238,0.11029493
239,0.09858913
240,0.16801067
241,0.13517165
242,0.101599105
243,0.13980214
244,0.12212161
245,0.086800076
246,0.071550466
247,0.054127105
248,0.038911857
249,0.046549864
250,0.04884226
251,0.04247517
252,0.78921705
253,0.38935173
254,0.23684275
255,0.7843187
256,0.3877361
257,0.28904498
258,0.5622486
259,0.2980002
260,0.19803116
261,0.34558338
262,0.23331618
263,0.16272542
264,0.08897997
265,0.08411885
266,0.0781808
267,0.1551017
268,0.106602974
269,0.07672591
270,0.23004343
271,0.23004343
272,0.23342152
273,0.2248382
274,0.22654518
275,0.22872643
276,0.12570421
277,0.13719855
278,0.15200464
279,1.6255454
280,1.538956
281,1.4694924
282,3.8310716
283,3.4587045
284,3.2820003
285,1.2860867
286,1.2578026
287,1.2325302
288,0.7505147
289,0.7440742
290,0.74159867
291,0.64778936
292,0.7225903
293,0.40378064
294,0.37427267
295,0.3798024
296,0.38564715
297,0.11020433
298,0.10890242
299,0.0929778
300,0.059178866
301,0.053583987
302,0.054224737
303,0.049394794
304,0.05045054
305,0.05710251
306,0.61917806
307,0.42924815
308,0.28898075
309,0.51542336
310,0.35151333
311,0.2767318
312,0.36416775
313,0.23610355
314,0.1744538
315,0.3551909
316,0.28845552
317,0.20696281
318,0.13709635
319,0.10356549
320,0.09014911
321,0.13763626
322,0.11427096
323,0.09368125
324,0.09199918
325,0.09531639
326,0.090597905
327,0.058417715
328,0.053140618
329,0.052771367
330,0.03751812
331,0.033877112
332,0.036068983
333,0.42384982
334,0.3874258
335,0.32376826
336,0.30973604
337,0.2891139
338,0.2254745
339,0.2442251
340,0.22276232
341,0.17224203
342,0.27584133
343,0.21979244
344,0.1983304
345,0.14696622
346,0.10331888
347,0.08038459
348,0.11293439
349,0.09777821
350,0.08009792
351,0.14628927
352,0.15659797
353,0.15359373
354,0.09246863
355,0.10117365
356,0.1190315
357,0.06961382
358,0.08361522
359,0.11644969
360,0.9268643
361,0.82472104
362,0.573814
363,0.69578254
364,0.6778293
365,0.49230346
366,0.5373118
367,0.56443244
368,0.5051871
369,0.5722174
370,0.50706553
371,0.29766014
372,0.18788008
373,0.188341
374,0.19659427
375,0.15133119
376,0.16054587
377,0.16246442
378,0.07866634
379,0.08391193
380,0.09082518
381,0.08569113
382,0.08898459
383,0.093641736
384,0.07785941
385,0.08386276
386,0.08922086
387,1.1053612
388,1.0139248
389,0.9094933
390,1.1901952
391,1.1233801
392,1.016454
393,0.90962917
394,0.85798323
395,0.77656406
396,0.3157762
397,0.3039345
398,0.28937903
399,0.24923164
400,0.23827711
401,0.22311662
402,0.23004343
403,0.22850324
404,0.22466972
405,0.12264197
406,0.12460437
407,0.124939986
408,0.06611324
409,0.0646723
410,0.06413979
411,0.05211822
412,0.058427013
413,0.06787834
414,0.53892976
415,0.5285022
416,0.49820906
417,0.5093626
418,0.50203246
419,0.48219585
420,0.32275382
421,0.31265146
422,0.28480694
423,0.33632943
424,0.33147615
425,0.31512022
426,0.26582834
427,0.1857638
428,0.11870202
429,0.11948275
430,0.11860136
431,0.11036614
432,0.046290495
433,0.046377964
434,0.04375676
435,0.033837534
436,0.034473993
437,0.034640975
438,0.029254174
439,0.031447507
440,0.032114007
441,0.24330923
442,0.20995745
443,0.17022319
444,0.22184156
445,0.19545488
446,0.15507865
447,0.20087504
448,0.17762953
449,0.13894959
450,0.15833488
451,0.1374739
452,0.10980987
453,0.0970831
454,0.08598725
455,0.07680399
456,0.09914533
457,0.088947214
458,0.076246716
459,0.11087365
460,0.11943404
461,0.1188265
462,0.07282088
463,0.078497924
464,0.08277542
465,0.04639236
466,0.04736895
467,0.05532167
468,0.35560566
469,0.3352179
470,0.26413843
471,0.3763256
472,0.34283182
473,0.30741963
474,0.33765382
475,0.30852088
476,0.2640448
477,0.2931109
478,0.2881902
479,0.2349926
480,0.15791716
481,0.13213427
482,0.10192994
483,0.14135833
484,0.12360015
485,0.10747818
486,0.105147906
487,0.105767466
488,0.10493458
489,0.048491456
490,0.04667253
491,0.044707157
492,0.041765817
493,0.04323248
494,0.045062043
495,0.35082462
496,0.33246732
497,0.3157012
498,0.21334234
499,0.19968247
500,0.18859519
501,0.17908038
502,0.17189418
503,0.1647851
504,0.22967404
505,0.2220315
506,0.21375173
507,0.1693856
508,0.107008465
509,0.08168105
510,0.08255119
511,0.0807691
512,0.078496166
513,0.1162012
514,0.13255328
515,0.12643941
516,0.06812928
517,0.06212581
518,0.05456928
519,0.046285875
520,0.047116496
521,0.054874428
522,0.8649612
523,0.5802246
524,0.3295113
525,1.0859462
526,0.7083398
527,0.39793938
528,0.49927682
529,0.39152938
530,0.23913169
531,0.34741664
532,0.27504748
533,0.15401578
534,0.10528434
535,0.097835906
536,0.08149067
537,0.11430424
538,0.10379887
539,0.08020822
540,0.1475788
541,0.15767753
542,0.16589233
543,0.08045042
544,0.08818147
545,0.094600655
546,0.059218027
547,0.06423531
548,0.07765899
549,1.0121584
550,0.97541153
551,0.885917
552,0.8192024
553,0.80548376
554,0.79157573
555,0.47758144
556,0.50323194
557,0.50694895
558,0.45079002
559,0.46468258
560,0.47325793
561,0.35579887
562,0.23319037
563,0.14677124
564,0.13163088
565,0.13517968
566,0.14039144
567,0.03550116
568,0.035689987
569,0.041164972
570,0.033477522
571,0.03372804
572,0.042958774
573,0.030611997
574,0.038454242
575,0.048609413
576,0.17932503
577,0.1618302
578,0.1420516
579,0.1806936
580,0.16710222
581,0.14288796
582,0.15111892
583,0.13758862
584,0.1105546
585,0.11549323
586,0.10364438
587,0.086171634
588,0.07142488
589,0.06752247
590,0.060537912
591,0.060455866
592,0.06189377
593,0.056600906
594,0.13538203
595,0.145557
596,0.16903289
597,0.08225126
598,0.06575964
599,0.068021156
600,0.060273178
601,0.057270445
602,0.074859686
603,1.0314171
604,0.8652974
605,0.4056169
606,1.0659119
607,0.8076815
608,0.34257364
609,0.4853574
610,0.46020824
611,0.26387113
612,0.46061918
613,0.47290242
614,0.29675874
615,0.18954526
616,0.12831686
617,0.11821433
618,0.15099344
619,0.14808139
620,0.12151422
621,0.24486619
622,0.20204437
623,0.12592795
624,0.22288007
625,0.16796069
626,0.11327364
627,0.19694401
628,0.15051337
629,0.10285614
630,1.9465138
631,0.8331571
632,0.30883422
633,1.7732263
634,0.7897823
635,0.27804306
636,1.6100727
637,0.7488006
638,0.25201696
639,1.0475532
640,0.4654644
641,0.1863189
642,0.12411169
643,0.12024339
644,0.11924585
645,0.37961605
646,0.28400296
647,0.12657739
648,0.11215351
649,0.11651269
650,0.12076933
651,0.08159653
652,0.08249552
653,0.084933884
654,0.056448586
655,0.059073456
656,0.063439555
657,0.4640333
658,0.45594355
659,0.4454767
660,0.38331217
661,0.3737347
662,0.36119804
663,0.32235804
664,0.31715682
665,0.30778685
666,0.28080073
667,0.273298
668,0.26086405
669,0.2140612
670,0.17508505
671,0.14365853
672,0.1549298
673,0.14899218
674,0.14435776
675,0.19767976
676,0.17685571
677,0.1495334
678,0.15415779
679,0.12833387
680,0.11635823
681,0.10754762
682,0.090647794
683,0.10394401
684,2.0830343
685,1.038749
686,0.51580024
687,1.8601048
688,1.0009316
689,0.46295914
690,1.3001623
691,0.78109586
692,0.36314446
693,0.968863
694,0.6761055
695,0.2830371
696,0.15312876
697,0.13559945
698,0.13223478
699,0.3171582
700,0.25773278
701,0.13940956
702,0.09684319
703,0.07237161
704,0.062340893
705,0.055360146
706,0.04522694
707,0.04609687
708,0.033749767
709,0.039077766
710,0.038467802
711,0.93104446
712,0.40588024
713,0.3224844
714,0.6764879
715,0.29074517
716,0.2597461
717,0.3119232
718,0.19385912
719,0.16330135
720,0.373401
721,0.20432612
722,0.15573901
723,0.0922466
724,0.06939269
725,0.05777801
726,0.07923112
727,0.06635139
728,0.05521626
729,0.14109775
730,0.14260502
731,0.15057868
732,0.12555262
733,0.12766446
734,0.13556284
735,0.11052237
736,0.11633112
737,0.124805786
738,0.8040138
739,0.7642292
740,0.5061936
741,0.7428199
742,0.69794035
743,0.47676685
744,0.6742733
745,0.63423437
746,0.45326477
747,0.4475182
748,0.39642325
749,0.24936274
750,0.18630247
751,0.17355697
752,0.16533576
753,0.22464073
754,0.20169048
755,0.16354455
756,0.18395288
757,0.22825252
758,0.261496
759,0.11554105
760,0.12096647
761,0.14138344
762,0.09729854
763,0.11758911
764,0.14327033
765,1.4403286
766,1.3830036
767,1.1922318
768,1.1881746
769,1.092769
770,1.0023272
771,0.7816978
772,0.8095534
773,0.7881472
774,0.71490633
775,0.7104369
776,0.6642511
777,0.48299965
778,0.33702636
779,0.3085983
780,0.2491695
781,0.2800894
782,0.29536945
783,0.07028512
784,0.08131886
785,0.0636851
786,0.051505215
787,0.058695145
788,0.051113434
789,0.045096345
790,0.047225095
791,0.045382924
792,0.4300395
793,0.37249124
794,0.21512821
795,0.37244654
796,0.3235665
797,0.18782078
798,0.32787505
799,0.2884783
800,0.16678911
801,0.2435763
802,0.197122
803,0.11087049
804,0.08515326
805,0.076966174
806,0.07117269
807,0.1288233
808,0.100979574
809,0.06931297
810,0.087336995
811,0.0876253
812,0.08866096
813,0.057121046
814,0.06148643
815,0.06546474
816,0.045483626
817,0.05150173
818,0.059307493
819,0.34943974
820,0.3370977
821,0.32416156
822,0.29262555
823,0.28138524
824,0.26241076
825,0.22793816
826,0.21525076
827,0.19892476
828,0.25842994
829,0.24681212
830,0.22825772
831,0.16472936
832,0.12754194
833,0.10167054
834,0.10231791
835,0.100123025
836,0.09625862
837,0.14640209
838,0.12529564
839,0.10439602
840,0.108223386
841,0.09611253
842,0.081582494
843,0.07731322
844,0.07991666
845,0.073585816
846,1.1889848
847,0.6170086
848,0.4937543
849,1.0698911
850,0.57752377
851,0.45015845
852,0.78616774
853,0.47374487
854,0.3976934
855,0.55849725
856,0.3233629
857,0.24510485
858,0.13670963
859,0.12727404
860,0.11929261
861,0.17529005
862,0.13216925
863,0.11900511
864,0.13038558
865,0.14109631
866,0.13552918
867,0.09970654
868,0.08941526
869,0.073864974
870,0.069964565
871,0.06407351
872,0.069212325
873,0.8798569
874,0.76679355
875,0.3600709
876,0.9779452
877,0.6731871
878,0.3680498
879,0.6027572
880,0.46764594
881,0.26311618
882,0.49151716
883,0.44211224
884,0.2529999
885,0.1670242
886,0.13507646
887,0.12371012
888,0.2978473
889,0.20556805
890,0.12859185
891,0.17524713
892,0.18230149
893,0.1914876
894,0.15244208
895,0.16506572
896,0.1797908
897,0.12007945
898,0.13574624
899,0.15385161
900,1.2853538
901,1.2951922
902,1.2290022
903,1.1212656
904,1.1347129
905,1.0784498
906,0.8476096
907,0.86958057
908,0.84031564
909,0.5683865
910,0.56961244
911,0.5230368
912,0.44790012
913,0.37061477
914,0.31923375
915,0.32951716
916,0.33465502
917,0.3318065
918,0.23962037
919,0.24890487
920,0.27075082
921,0.23427318
922,0.21038266
923,0.20678276
924,0.106884904
925,0.12351861
926,0.1513741
927,3.1799943
928,2.2437406
929,1.4186003
930,3.7101002
931,2.5083823
932,1.709117
933,1.0887885
934,0.93549615
935,0.7891431
936,1.1698393
937,0.9643806
938,0.72614306
939,0.5043106
940,0.4135243
941,0.28389734
942,0.27619532
943,0.27735165
944,0.27126694
945,0.13100564
946,0.13833334
947,0.15655908
948,0.084234126
949,0.0755109
950,0.067810215
951,0.0531644
952,0.05853594
953,0.0662278
954,0.8927367
955,0.8663112
956,0.65388346
957,1.3660051
958,1.0811245
959,0.68014884
960,0.48803356
961,0.48259115
962,0.39496464
963,0.37800258
964,0.38033515
965,0.342592
966,0.23012166
967,0.20216145
968,0.11927774
969,0.11041937
970,0.113388844
971,0.110689975
972,0.23093984
973,0.23837326
974,0.24876596
975,0.2306139
976,0.23396748
977,0.2426345
978,0.23004343
979,0.23004343
980,0.23694085
981,2.703408
982,2.233225
983,1.7340684
984,2.5184183
985,2.051476
986,1.5589272
987,2.2336302
988,1.8237627
989,1.444887
990,1.367621
991,1.2080605
992,1.0111774
993,0.66704214
994,0.584734
995,0.52409697
996,0.6879531
997,0.59782714
998,0.4758112
999,0.266883
1000,0.27083823
1001,0.27460134
1002,0.21428236
1003,0.21957448
1004,0.22464263
1005,0.17623621
1006,0.17983581
1007,0.18282796
1008,3.4622993
1009,3.3227162
1010,3.1817234
1011,2.6754186
1012,2.5777366
1013,2.4401479
1014,1.8898745
1015,1.827524
1016,1.7551804
1017,1.1993375
1018,1.1646001
1019,1.1131178
1020,0.73210686
1021,0.58397937
1022,0.5004781
1023,0.5189826
1024,0.5132124
1025,0.50526375
1026,0.09473709
1027,0.12970729
1028,0.15215126
1029,0.062193193
1030,0.06410242
1031,0.08212013
1032,0.039843775
1033,0.04764966
1034,0.06950701
1035,0.6205997
1036,0.5932497
1037,0.49777097
1038,0.92035216
1039,0.8284925
1040,0.58766884
1041,0.27764606
1042,0.3264331
1043,0.29436478
1044,0.2867908
1045,0.32815927
1046,0.3168611
1047,0.20987095
1048,0.16145073
1049,0.099602826
1050,0.08588273
1051,0.095081545
1052,0.09764824
1053,0.07577155
1054,0.07882247
1055,0.081331916
1056,0.033002146
1057,0.03465075
1058,0.037408866
1059,0.024489647
1060,0.029314226
1061,0.03402821
1062,0.37940288
1063,0.36899337
1064,0.35212967
1065,0.26218253
1066,0.2652163
1067,0.26696193
1068,0.13694933
1069,0.1354017
1070,0.13399519
1071,0.22395442
1072,0.21958056
1073,0.21278188
1074,0.14710607
1075,0.10064093
1076,0.06561086
1077,0.057532735
1078,0.059506066
1079,0.061074592
1080,0.08749402
1081,0.09517712
1082,0.086503126
1083,0.03779102
1084,0.041686602
1085,0.043410398
1086,0.024695521
1087,0.029264634
1088,0.047441997
1089,0.54251164
1090,0.4847969
1091,0.36794424
1092,0.35664874
1093,0.3432418
1094,0.22817752
1095,0.1840311
1096,0.17519775
1097,0.14325397
1098,0.3108423
1099,0.30374974
1100,0.19501385
1101,0.13143867
1102,0.0917534
1103,0.07523573
1104,0.06971661
1105,0.071858294
1106,0.07071564
1107,0.076929726
1108,0.07844371
1109,0.079958536
1110,0.070745714
1111,0.070946105
1112,0.07147799
1113,0.059426285
1114,0.06238956
1115,0.06384263
1116,0.31612143
1117,0.31138584
1118,0.30927458
1119,0.3700465
1120,0.36613685
1121,0.3601295
1122,0.35070914
1123,0.34412625
1124,0.3356739
1125,0.26708502
1126,0.26749095
1127,0.26803756
1128,0.17237571
1129,0.16700152
1130,0.14253849
1131,0.14371808
1132,0.142529
1133,0.14051937
1134,0.14072876
1135,0.14516401
1136,0.13134176
1137,0.0689005
1138,0.06687493
1139,0.060226895
1140,0.04349131
1141,0.04826895
1142,0.060210384
1143,0.82088965
1144,0.62779725
1145,0.40649492
1146,0.55034435
1147,0.461674
1148,0.33115062
1149,0.31932962
1150,0.23931119
1151,0.16836713
1152,0.4868042
1153,0.40889645
1154,0.30349183
1155,0.20137031
1156,0.12164817
1157,0.08671922
1158,0.102754034
1159,0.09266365
1160,0.08489186
1161,0.07177401
1162,0.080143966
1163,0.08324713
1164,0.032745875
1165,0.034599163
1166,0.03610737
1167,0.023401057
1168,0.027491366
1169,0.034476466
1170,0.43178505
1171,0.38853434
1172,0.3143222
1173,0.3491684
1174,0.31388327
1175,0.25411737
1176,0.15316164
1177,0.14888383
1178,0.12776844
1179,0.19431469
1180,0.18915567
1181,0.1764714
1182,0.119743906
1183,0.09562696
1184,0.065428115
1185,0.06473888
1186,0.06439594
1187,0.061537333
1188,0.06514079
1189,0.066162325
1190,0.062080063
1191,0.048090883
1192,0.050802507
1193,0.057315744
1194,0.03936509
1195,0.043968864
1196,0.056577273
1197,0.33269542
1198,0.30079782
1199,0.19267212
1200,0.29414067
1201,0.27654654
1202,0.18684207
1203,0.2605623
1204,0.24861147
1205,0.17626925
1206,0.19853963
1207,0.1883222
1208,0.114477806
1209,0.09423388
1210,0.089399286
1211,0.08398131
1212,0.0969424
1213,0.09417371
1214,0.08235986
1215,0.1715339
1216,0.18579724
1217,0.17470413
1218,0.08393819
1219,0.09022836
1220,0.09629426
1221,0.0737373
1222,0.084698565
1223,0.10678045
1224,0.99821913
1225,0.7630243
1226,0.5642794
1227,0.7473339
1228,0.64617884
1229,0.44032887
1230,0.5674158
1231,0.5315124
1232,0.37871116
1233,0.59335583
1234,0.5450537
1235,0.38711646
1236,0.22928108
1237,0.17823023
1238,0.17239285
1239,0.18117025
1240,0.18371725
1241,0.16875292
1242,0.15970765
1243,0.16493
1244,0.16831869
1245,0.1147672
1246,0.122112475
1247,0.123859055
1248,0.08346052
1249,0.09191532
1250,0.10293061
1251,1.3829387
1252,1.2969183
1253,1.1757456
1254,1.0432607
1255,1.0112985
1256,0.8881354
1257,0.59717566
1258,0.59013313
1259,0.5513623
1260,0.6718283
1261,0.66124576
1262,0.6260167
1263,0.48442444
1264,0.33233622
1265,0.23901679
1266,0.24804154
1267,0.2530605
1268,0.23621368
1269,0.14702494
1270,0.14521039
1271,0.14937708
1272,0.120512165
1273,0.10921318
1274,0.09948767
1275,0.09036512
1276,0.087790705
1277,0.08891294
1278,0.7877413
1279,0.4693444
1280,0.3471828
1281,0.92271316
1282,0.5542428
1283,0.41265413
1284,0.9763782
1285,0.56843144
1286,0.3582062
1287,0.39602208
1288,0.31916612
1289,0.24477439
1290,0.18625788
1291,0.16349947
1292,0.1581101
1293,0.31610793
1294,0.2542739
1295,0.17545359
1296,0.08750493
1297,0.095936514
1298,0.10229314
1299,0.04350046
1300,0.046692975
1301,0.047291405
1302,0.03339658
1303,0.039632805
1304,0.047190525
1305,0.3058071
1306,0.30277726
1307,0.2718493
1308,0.25704885
1309,0.252162
1310,0.24564181
1311,0.20719415
1312,0.20165241
1313,0.1696181
1314,0.18503875
1315,0.18903801
1316,0.1758656
1317,0.14807643
1318,0.11076128
1319,0.08276341
1320,0.087588884
1321,0.08473057
1322,0.07868267
1323,0.1002712
1324,0.11767005
1325,0.12926927
1326,0.061941482
1327,0.057098128
1328,0.072142966
1329,0.052909322
1330,0.056276627
1331,0.06886966
1332,0.60267484
1333,0.43906602
1334,0.3152593
1335,0.66605115
1336,0.52109426
1337,0.38289586
1338,0.50471646
1339,0.47900364
1340,0.28694227
1341,0.30385914
1342,0.27232817
1343,0.20288819
1344,0.14903821
1345,0.12897158
1346,0.11503682
1347,0.15630786
1348,0.14673308
1349,0.118032284
1350,0.10738734
1351,0.11121044
1352,0.11534836
1353,0.0742617
1354,0.073934324
1355,0.07400329
1356,0.04927192
1357,0.056499697
1358,0.06566227
1359,0.45020193
1360,0.44689375
1361,0.4445673
1362,0.58075446
1363,0.59073097
1364,0.61137277
1365,0.281856
1366,0.29556206
1367,0.3114487
1368,0.30211022
1369,0.30098408
1370,0.29521006
1371,0.2742641
1372,0.20110543
1373,0.10607589
1374,0.0869746
1375,0.08972249
1376,0.09319068
1377,0.1363842
1378,0.13768864
1379,0.128777
1380,0.120036654
1381,0.12091089
1382,0.120877974
1383,0.101214714
1384,0.10446999
1385,0.11161574
1386,0.76066786
1387,0.6532853
1388,0.4642544
1389,0.6930328
1390,0.6139277
1391,0.44015417
1392,0.5948458
1393,0.5607636
1394,0.40451035
1395,0.44571915
1396,0.37786707
1397,0.27402663
1398,0.18420611
1399,0.17048597
1400,0.16085683
1401,0.23808792
1402,0.21544513
1403,0.15514691
1404,0.09065882
1405,0.09221963
1406,0.09335772
1407,0.052630402
1408,0.05527935
1409,0.05684481
1410,0.04384557
1411,0.04809276
1412,0.052636422
1413,0.3488643
1414,0.3290716
1415,0.31219542
1416,0.27724147
1417,0.2596317
1418,0.23943974
1419,0.19128491
1420,0.18441088
1421,0.17459887
1422,0.22425465
1423,0.21845391
1424,0.20499307
1425,0.16280681
1426,0.12280103
1427,0.089832075
1428,0.08436508
1429,0.085538365
1430,0.08556304
1431,0.1298574
1432,0.13178872
1433,0.13280085
1434,0.077950455
1435,0.077608384
1436,0.07509486
1437,0.07231871
1438,0.079541095
1439,0.0866553
1440,0.951327
1441,0.9030304
1442,0.82415515
1443,1.2749591
1444,1.1128712
1445,0.9493456
1446,0.4815834
1447,0.46496
1448,0.43183315
1449,0.39921966
1450,0.38981146
1451,0.36854687
1452,0.29442036
1453,0.2778964
1454,0.18127045
1455,0.16683815
1456,0.17146203
1457,0.16321276
1458,0.049352027
1459,0.045681603
1460,0.041069575
1461,0.037275024
1462,0.03547842
1463,0.036878087
1464,0.031958856
1465,0.029941624
1466,0.03474454
1467,0.27827018
1468,0.17901579
1469,0.120660044
1470,0.27425814
1471,0.17705129
1472,0.11861753
1473,0.27246854
1474,0.17793916
1475,0.11677029
1476,0.19064373
1477,0.102064945
1478,0.0754844
1479,0.06837476
1480,0.06441442
1481,0.061134316
1482,0.10061566
1483,0.08129985
1484,0.06088335
1485,0.06902019
1486,0.070502825
1487,0.07214535
1488,0.03604964
1489,0.037722744
1490,0.040033497
1491,0.03484241
1492,0.038375296
1493,0.042170085
1494,0.20043105
1495,0.19312486
1496,0.18613066
1497,0.18622176
1498,0.18207932
1499,0.17708232
1500,0.15309952
1501,0.14967738
1502,0.14556256
1503,0.15070859
1504,0.14690624
1505,0.14058274
1506,0.1188455
1507,0.08946837
1508,0.0675895
1509,0.063867755
1510,0.06328548
1511,0.0632653
1512,0.06796465
1513,0.08253605
1514,0.087430425
1515,0.062051274
1516,0.060695656
1517,0.054199584
1518,0.04245273
1519,0.04685221
1520,0.052361466
1521,0.28064543
1522,0.25306827
1523,0.20005438
1524,0.42452097
1525,0.38853514
1526,0.3263303
1527,0.2378779
1528,0.22707659
1529,0.17155804
1530,0.16886042
1531,0.14798723
1532,0.12665564
1533,0.11159635
1534,0.13193336
1535,0.09145955
1536,0.099970736
1537,0.09800888
1538,0.08559493
1539,0.11464959
1540,0.11714592
1541,0.11913305
1542,0.08761058
1543,0.089611866
1544,0.09274889
1545,0.07146288
1546,0.07470212
1547,0.07873414
1548,0.5853385
1549,0.5913689
1550,0.59430933
1551,0.52471477
1552,0.52569216
1553,0.52054286
1554,0.46237168
1555,0.4603362
1556,0.45569497
1557,0.32892635
1558,0.32956496
1559,0.3290669
1560,0.28027967
1561,0.23057836
1562,0.20065376
1563,0.20312877
1564,0.20318252
1565,0.20358324
1566,0.08621029
1567,0.086452104
1568,0.088746585
1569,0.06851504
1570,0.07106555
1571,0.07719416
1572,0.056222804
1573,0.0631294
1574,0.07595236
1575,0.35004532
1576,0.31552917
1577,0.24513505
1578,0.3357904
1579,0.3139049
1580,0.25828955
1581,0.3268516
1582,0.30869013
1583,0.2596351
1584,0.25742793
1585,0.2439656
1586,0.19335154
1587,0.13859208
1588,0.12870891
1589,0.11934712
1590,0.13155536
1591,0.122129746
1592,0.10669715
1593,0.10676087
1594,0.113119684
1595,0.10827548
1596,0.08319516
1597,0.088446744
1598,0.09363917
1599,0.06938622
1600,0.0735941
1601,0.08530448
1602,0.7710729
1603,0.4505727
1604,0.4029315
1605,0.70271134
1606,0.45975682
1607,0.40145624
1608,0.6002529
1609,0.45180637
1610,0.36472842
1611,0.3803689
1612,0.28134507
1613,0.21422726
1614,0.13160834
1615,0.12258544
1616,0.11597683
1617,0.13182111
1618,0.12320467
1619,0.11621722
1620,0.10176576
1621,0.09725509
1622,0.08298696
1623,0.058048464
1624,0.058402754
1625,0.049358495
1626,0.045826323
1627,0.050903715
1628,0.049801
1629,0.4825133
1630,0.3479058
1631,0.2839322
1632,0.44193137
1633,0.3291992
1634,0.25244746
1635,0.39311743
1636,0.30872312
1637,0.22808921
1638,0.31095454
1639,0.23679937
1640,0.1779659
1641,0.13632168
1642,0.10909224
1643,0.10030175
1644,0.14398679
1645,0.12594403
1646,0.09823231
1647,0.11868597
1648,0.12235289
1649,0.120188765
1650,0.08519528
1651,0.07622514
1652,0.07159919
1653,0.06991283
1654,0.06229753
1655,0.06684817
1656,0.6427309
1657,0.54331213
1658,0.31311184
1659,0.5831922
1660,0.4836073
1661,0.25948957
1662,0.5172174
1663,0.41762322
1664,0.23851535
1665,0.33904168
1666,0.33449748
1667,0.2449127
1668,0.16097274
1669,0.12515886
1670,0.11271339
1671,0.16957514
1672,0.15434752
1673,0.11497686
1674,0.1949769
1675,0.1984168
1676,0.20448524
1677,0.14337167
1678,0.14357042
1679,0.14428285
1680,0.09134231
1681,0.10083089
1682,0.111138515
1683,1.6874841
1684,1.5673399
1685,1.4377518
1686,1.6730765
1687,1.5741255
1688,1.4640437
1689,0.7863471
1690,0.76545537
1691,0.7294901
1692,0.52171284
1693,0.5166242
1694,0.50592804
1695,0.42642492
1696,0.4129237
1697,0.28225154
1698,0.26145032
1699,0.26589587
1700,0.26903117
1701,0.08880065
1702,0.08128411
1703,0.08061556
1704,0.074315645
1705,0.06741009
1706,0.07091666
1707,0.06396205
1708,0.059827246
1709,0.069442995
1710,0.45017
1711,0.3649285
1712,0.2781486
1713,0.4446167
1714,0.3490318
1715,0.27056202
1716,0.4252539
1717,0.3306111
1718,0.25407323
1719,0.2679175
1720,0.22998452
1721,0.16613454
1722,0.1316801
1723,0.12369757
1724,0.116699226
1725,0.18152812
1726,0.16124286
1727,0.12177593
1728,0.14026392
1729,0.14883612
1730,0.17264971
1731,0.08222658
1732,0.086604096
1733,0.09330685
1734,0.064362325
1735,0.07491962
1736,0.09704948
1737,0.8785853
1738,0.8727814
1739,0.74515575
1740,0.805184
1741,0.8424651
1742,0.72095865
1743,0.58299935
1744,0.65620893
1745,0.6748521
1746,0.52533686
1747,0.5536824
1748,0.505355
1749,0.28778827
1750,0.22310403
1751,0.19726545
1752,0.13042054
1753,0.14505705
1754,0.1540042
1755,0.22526135
1756,0.24712281
1757,0.29290786
1758,0.23877181
1759,0.2283362
1760,0.23260114
1761,0.14991757
1762,0.15204808
1763,0.17080104
1764,2.4288101
1765,2.0089984
1766,1.5692896
1767,3.965486
1768,2.857301
1769,2.1542218
1770,1.6674873
1771,1.3545718
1772,1.1224058
1773,0.92481357
1774,0.8717474
1775,0.75460035
1776,0.5854555
1777,0.5324324
1778,0.41557568
1779,0.49121505
1780,0.45617843
1781,0.4167907
1782,0.19180904
1783,0.19664209
1784,0.2125489
1785,0.11877092
1786,0.12526652
1787,0.13282079
1788,0.083257146
1789,0.095707394
1790,0.11585393
1791,1.649868
1792,1.4092834
1793,0.9327236
1794,1.3164883
1795,1.1554353
1796,0.85723424
1797,0.6482295
1798,0.68645954
1799,0.5680692
1800,0.68083006
1801,0.66019064
1802,0.59680307
1803,0.4275692
1804,0.29123917
1805,0.23226172
1806,0.21138987
1807,0.22320794
1808,0.21151821
1809,0.13184491
1810,0.13369074
1811,0.13684845
1812,0.089578874
1813,0.09191827
1814,0.09691975
1815,0.08483646
1816,0.09335292
1817,0.102533795
1818,0.82922214
1819,0.82169265
1820,0.79299855
1821,0.6944152
1822,0.70653254
1823,0.70554525
1824,0.6067944
1825,0.6430616
1826,0.6486654
1827,0.48747012
1828,0.48238468
1829,0.46934527
1830,0.33276707
1831,0.24412149
1832,0.22080217
1833,0.15597658
1834,0.1578155
1835,0.16295302
1836,0.13884157
1837,0.14102516
1838,0.148918
1839,0.077419735
1840,0.07831208
1841,0.08294461
1842,0.05744446
1843,0.06671698
1844,0.08067701
1845,1.1218817
1846,1.0454239
1847,0.87090117
1848,0.8208261
1849,0.7625286
1850,0.6715861
1851,0.43278882
1852,0.41895232
1853,0.36616543
1854,0.44873434
1855,0.4606918
1856,0.4484144
1857,0.3719202
1858,0.23657008
1859,0.13665083
1860,0.12868734
1861,0.12852968
1862,0.1277733
1863,0.17667067
1864,0.15220414
1865,0.15754628
1866,0.12286813
1867,0.107220985
1868,0.10824228
1869,0.089351006
1870,0.09335489
1871,0.10819397
1872,1.3154551
1873,0.82277745
1874,0.66472226
1875,1.4307692
1876,0.9032547
1877,0.6357914
1878,1.1566095
1879,0.8467746
1880,0.59244657
1881,0.71104896
1882,0.6006422
1883,0.4321304
1884,0.19872683
1885,0.18464576
1886,0.18417351
1887,0.24916351
1888,0.21709432
1889,0.1743996
1890,0.11365003
1891,0.089452185
1892,0.06830294
1893,0.10858283
1894,0.068879165
1895,0.0584412
1896,0.07097543
1897,0.055863418
1898,0.056065775
1899,1.2292901
1900,0.44288418
1901,0.3411548
1902,1.6288031
1903,0.63359517
1904,0.37603623
1905,1.1117477
1906,0.4767224
1907,0.3479803
1908,0.4531821
1909,0.19956471
1910,0.14246835
1911,0.11103218
1912,0.118514664
1913,0.121682756
1914,0.29659635
1915,0.1810652
1916,0.12906563
1917,0.089984186
1918,0.08808998
1919,0.071565874
1920,0.038989164
1921,0.03167183
1922,0.033799775
1923,0.03381885
1924,0.035563298
1925,0.04105524
1926,0.43224412
1927,0.30687052
1928,0.21815525
1929,0.8217316
1930,0.5538704
1931,0.4083565
1932,0.22717302
1933,0.17120233
1934,0.13215624
1935,0.13254993
1936,0.10663078
1937,0.088170566
1938,0.07682107
1939,0.09721369
1940,0.06716115
1941,0.071374096
1942,0.06809262
1943,0.063395865
1944,0.12956464
1945,0.13898207
1946,0.14360288
1947,0.06512839
1948,0.06960473
1949,0.07291163
1950,0.0765774
1951,0.0827306
1952,0.08949042
1953,0.6010678
1954,0.5137955
1955,0.4774116
1956,1.0417877
1957,0.91897106
1958,0.8291342
1959,0.49248093
1960,0.46616584
1961,0.43421224
1962,0.19446564
1963,0.18300915
1964,0.17804231
1965,0.17282258
1966,0.2210325
1967,0.16120215
1968,0.14432335
1969,0.14663765
1970,0.14960577
1971,0.10625256
1972,0.1116923
1973,0.11665041
1974,0.063736536
1975,0.069011874
1976,0.07699705
1977,0.061304934
1978,0.07218034
1979,0.08396567
1980,0.51548916
1981,0.51851535
1982,0.5035102
1983,0.38904104
1984,0.40044752
1985,0.39341575
1986,0.28982523
1987,0.30778986
1988,0.31384704
1989,0.29973266
1990,0.30193195
1991,0.29933822
1992,0.24846566
1993,0.19103035
1994,0.15429674
1995,0.12991703
1996,0.13926944
1997,0.14804055
1998,0.072513856
1999,0.078178324
2000,0.068630226
2001,0.038641162
2002,0.037368245
2003,0.032625414
2004,0.023862278
2005,0.029249674
2006,0.03113017
2007,0.33785963
2008,0.3056936
2009,0.21537308
2010,0.2714707
2011,0.23842146
2012,0.16722022
2013,0.20077689
2014,0.19016682
2015,0.1324187
2016,0.20040281
2017,0.18207163
2018,0.1401763
2019,0.10227392
2020,0.075592496
2021,0.0600994
2022,0.08131663
2023,0.07573775
2024,0.057878204
2025,0.12793677
2026,0.107646145
2027,0.10147292
2028,0.13957809
2029,0.11992093
2030,0.11551777
2031,0.07606963
2032,0.072496064
2033,0.08823819
2034,1.1499231
2035,0.83862644
2036,0.5650305
2037,2.5345306
2038,2.0203028
2039,1.3649989
2040,1.1360592
2041,0.93314755
2042,0.720197
2043,0.4272917
2044,0.3182323
2045,0.22225286
2046,0.23964745
2047,0.3210409
2048,0.23222215
2049,0.29472438
2050,0.26454535
2051,0.23795262
2052,0.23004343
2053,0.23100477
2054,0.17886314
2055,0.23004343
2056,0.2282703
2057,0.15398504
2058,0.21782307
2059,0.18629515
2060,0.13383052
2061,2.4937127
2062,1.3057364
2063,0.60281974
2064,2.3792179
2065,1.2953746
2066,0.5939465
2067,2.1533585
2068,1.1970156
2069,0.5184692
2070,1.1265208
2071,0.761354
2072,0.31070134
2073,0.20777982
2074,0.18900281
2075,0.17999837
2076,0.61081433
2077,0.36827305
2078,0.19780959
2079,0.24030054
2080,0.21699636
2081,0.13564342
2082,0.18313283
2083,0.15137708
2084,0.10205615
2085,0.13787723
2086,0.11784691
2087,0.100116946
2088,1.9729682
2089,0.9268792
2090,0.43988746
2091,1.7339002
2092,0.82145566
2093,0.36580765
2094,1.4536562
2095,0.77653253
2096,0.2944659
2097,1.025668
2098,0.64656246
2099,0.20754994
2100,0.15731025
2101,0.14755183
2102,0.14323871
2103,0.37829244
2104,0.28599054
2105,0.14995646
2106,0.23084159
2107,0.18281697
2108,0.122126006
2109,0.18866174
2110,0.12201422
2111,0.09159935
2112,0.12032091
2113,0.0762834
2114,0.07276917
2115,3.0085661
2116,0.9999325
2117,0.35890067
2118,2.6357393
2119,0.8904877
2120,0.37003613
2121,1.6540716
2122,0.64159405
2123,0.28401065
2124,1.1169153
2125,0.5853656
2126,0.1995211
2127,0.13023832
2128,0.11402703
2129,0.10349018
2130,0.40577662
2131,0.20107715
2132,0.1131326
2133,0.21390486
2134,0.1942513
2135,0.1799967
2136,0.20176727
2137,0.18340637
2138,0.16577809
2139,0.17479417
2140,0.15952101
2141,0.14862667
2142,1.789062
2143,1.1431819
2144,0.5025627
2145,1.7799517
2146,1.1398065
2147,0.49657583
2148,1.6023654
2149,1.066784
2150,0.45960647
2151,0.88913125
2152,0.6895385
2153,0.30377543
2154,0.20591755
2155,0.18521515
2156,0.17179744
2157,0.46327835
2158,0.37543774
2159,0.18672118
2160,0.22566707
2161,0.2541827
2162,0.27425864
2163,0.18395919
2164,0.18421727
2165,0.1815027
2166,0.10835869
2167,0.12313109
2168,0.1487236
2169,3.0547736
2170,2.0264506
2171,1.2638377
2172,2.5956988
2173,2.0221987
2174,1.1923469
2175,1.4744148
2176,1.2192968
2177,0.8546422
2178,1.1841313
2179,1.0293889
2180,0.7904974
2181,0.42853332
2182,0.3532511
2183,0.3109715
2184,0.38840196
2185,0.36098173
2186,0.31434372
2187,0.14433476
2188,0.15989886
2189,0.19986317
2190,0.12071016
2191,0.14082809
2192,0.18001606
2193,0.09438536
2194,0.12754257
2195,0.16949446
2196,0.87442255
2197,0.8811761
2198,0.76635975
2199,0.7805568
2200,0.8434594
2201,0.75532216
2202,0.65529585
2203,0.7993017
2204,0.74757135
2205,0.5033698
2206,0.5042323
2207,0.40720254
2208,0.3218896
2209,0.29799932
2210,0.27993917
2211,0.25087085
2212,0.29503566
2213,0.28019276
2214,0.051931508
2215,0.06004838
2216,0.06509248
2217,0.033243187
2218,0.03923071
2219,0.046927877
2220,0.024748063
2221,0.034214266
2222,0.043564744
2223,0.22033425
2224,0.20866284
2225,0.18715236
2226,0.20830621
2227,0.20152935
2228,0.18058294
2229,0.17757608
2230,0.17204544
2231,0.14861839
2232,0.14864974
2233,0.13697635
2234,0.11907969
2235,0.103586204
2236,0.08942477
2237,0.07503555
2238,0.07558135
2239,0.07398901
2240,0.07076243
2241,0.12869334
2242,0.14205426
2243,0.16269541
2244,0.08597506
2245,0.092897154
2246,0.11323666
2247,0.07460175
2248,0.08751405
2249,0.10627771
2250,1.0196266
2251,0.917085
2252,0.8034581
2253,0.88421535
2254,0.8337014
2255,0.7971555
2256,0.49640167
2257,0.49106708
2258,0.4650234
2259,0.39657396
2260,0.38797122
2261,0.38012877
2262,0.29445413
2263,0.23506072
2264,0.20161834
2265,0.17729992
2266,0.18381332
2267,0.19365655
2268,0.08643741
2269,0.09160174
2270,0.08844871
2271,0.044282682
2272,0.05285863
2273,0.060561903
2274,0.02758882
2275,0.03558404
2276,0.05702973
2277,0.41269356
2278,0.4276243
2279,0.3815524
2280,0.29513082
2281,0.32169342
2282,0.26478454
2283,0.20711058
2284,0.21084897
2285,0.18564403
2286,0.28347546
2287,0.28596702
2288,0.24340545
2289,0.16191113
2290,0.1169182
2291,0.085247256
2292,0.084278144
2293,0.0862954
2294,0.08161951
2295,0.17744702
2296,0.19560191
2297,0.2157308
2298,0.11053989
2299,0.12681042
2300,0.1378034
2301,0.080995895
2302,0.10090021
2303,0.12684463
2304,0.93515813
2305,0.92668474
2306,0.8340844
2307,1.029245
2308,1.012844
2309,0.9661047
2310,0.60091007
2311,0.6833968
2312,0.7576814
2313,0.5355016
2314,0.5710269
2315,0.5765372
2316,0.46881965
2317,0.33544195
2318,0.28122178
2319,0.17139298
2320,0.1934182
2321,0.23565336
2322,0.15922964
2323,0.09553442
2324,0.06959335
2325,0.108078875
2326,0.058073558
2327,0.047155805
2328,0.047428735
2329,0.04623965
2330,0.0426837
2331,1.3580928
2332,0.43837562
2333,0.28395492
2334,1.4646667
2335,0.38550216
2336,0.31829777
2337,0.69625807
2338,0.21698286
2339,0.22081381
2340,0.5895665
2341,0.21896563
2342,0.15431286
2343,0.10656635
2344,0.096450366
2345,0.07641593
2346,0.22157986
2347,0.100450315
2348,0.07410733
2349,0.050595023
2350,0.05269254
2351,0.052999623
2352,0.040808387
2353,0.042760946
2354,0.043071367
2355,0.03332693
2356,0.036977716
2357,0.038129605
2358,0.18753171
2359,0.1741474
2360,0.15703686
2361,0.17412889
2362,0.16201434
2363,0.14614467
2364,0.155263
2365,0.14305736
2366,0.13264479
2367,0.119734086
2368,0.10818944
2369,0.09724615
2370,0.07951722
2371,0.07218481
2372,0.064294375
2373,0.06430475
2374,0.062464334
2375,0.058925547
2376,0.10353134
2377,0.10464204
2378,0.10438404
2379,0.072025485
2380,0.06639025
2381,0.07076729
2382,0.066932894
2383,0.07199592
2384,0.07952169
2385,0.5877819
2386,0.41476566
2387,0.30722967
2388,1.274873
2389,0.89556575
2390,0.5350108
2391,0.6127383
2392,0.50903744
2393,0.32227108
2394,0.2120799
2395,0.16318421
2396,0.1365563
2397,0.123096935
2398,0.15068077
2399,0.11287687
2400,0.13339385
2401,0.124806575
2402,0.107763804
2403,0.23995085
2404,0.25896668
2405,0.2720622
2406,0.23792897
2407,0.246469
2408,0.2538972
2409,0.16669807
2410,0.18120188
2411,0.19561343
2412,2.3406062
2413,2.276326
2414,2.1368656
2415,2.8279555
2416,2.715457
2417,2.5170326
2418,1.4010952
2419,1.3758144
2420,1.3204185
2421,0.74669605
2422,0.75096303
2423,0.728976
2424,0.61584634
2425,0.5928263
2426,0.45081097
2427,0.4387621
2428,0.44588253
2429,0.4483769
2430,0.119659744
2431,0.1355863
2432,0.14499098
2433,0.057308502
2434,0.056504674
2435,0.055835195
2436,0.057862766
2437,0.061288036
2438,0.07373769
2439,0.39619705
2440,0.39202756
2441,0.29224664
2442,0.4740559
2443,0.4465903
2444,0.31722653
2445,0.40379754
2446,0.37848595
2447,0.3088245
2448,0.2626834
2449,0.2499453
2450,0.21497726
2451,0.16801383
2452,0.14572626
2453,0.13733043
2454,0.14784685
2455,0.14821434
2456,0.13631831
2457,0.06797738
2458,0.072116084
2459,0.054863937
2460,0.047921665
2461,0.047004767
2462,0.041239567
2463,0.03393779
2464,0.033430465
2465,0.04110337
2466,0.4136109
2467,0.37311724
2468,0.18069983
2469,0.3414497
2470,0.29099798
2471,0.16740602
2472,0.26920676
2473,0.20812777
2474,0.1454993
2475,0.25669846
2476,0.23361713
2477,0.1126372
2478,0.09309865
2479,0.079337485
2480,0.06992353
2481,0.09957204
2482,0.08747677
2483,0.06721861
2484,0.20111515
2485,0.21580116
2486,0.25363225
2487,0.18849269
2488,0.19588484
2489,0.23349012
2490,0.17257988
2491,0.1832533
2492,0.21549773
2493,1.717415
2494,1.513663
2495,1.0165675
2496,1.5981218
2497,1.3879002
2498,0.9033408
2499,1.4253714
2500,1.2374083
2501,0.8209155
2502,0.8148856
2503,0.7152715
2504,0.45789537
2505,0.4028028
2506,0.37340432
2507,0.35136852
2508,0.46264058
2509,0.43994328
2510,0.36659122
2511,0.15159887
2512,0.15687872
2513,0.16172439
2514,0.090258874
2515,0.092666455
2516,0.09661818
2517,0.06625239
2518,0.073047854
2519,0.0834038
2520,0.8411936
2521,0.86570466
2522,0.85295945
2523,0.5763122
2524,0.5714855
2525,0.5528681
2526,0.38858694
2527,0.37752792
2528,0.35996515
2529,0.5242101
2530,0.53166467
2531,0.51929444
2532,0.38409582
2533,0.24466011
2534,0.16237092
2535,0.14566612
2536,0.14555936
2537,0.14108929
2538,0.112847276
2539,0.120894365
2540,0.121100195
2541,0.074888
2542,0.074660756
2543,0.07029975
2544,0.06093774
2545,0.06332938
2546,0.066201754
2547,0.48001835
2548,0.39984936
2549,0.32307115
2550,0.60525346
2551,0.49198335
2552,0.389786
2553,0.45646748
2554,0.43796352
2555,0.2864207
2556,0.28025547
2557,0.2444993
2558,0.20796312
2559,0.15217753
2560,0.14761925
2561,0.12153549
2562,0.16322458
2563,0.14872651
2564,0.12213612
2565,0.13529539
2566,0.13770628
2567,0.14182626
2568,0.104199685
2569,0.11129492
2570,0.1197157
2571,0.087534286
2572,0.094465144
2573,0.10244716
2574,0.64118534
2575,0.64528817
2576,0.64773804
2577,0.53804874
2578,0.5552207
2579,0.5712172
2580,0.43193316
2581,0.4424657
2582,0.45901036
2583,0.34165713
2584,0.34378493
2585,0.34362596
2586,0.28236726
2587,0.22758332
2588,0.18621673
2589,0.16829628
2590,0.17182998
2591,0.17554632
2592,0.14416264
2593,0.15050428
2594,0.1460989
2595,0.103661306
2596,0.11203235
2597,0.121334724
2598,0.096100636
2599,0.11090014
2600,0.12126147
2601,1.0820732
2602,0.9706665
2603,0.857741
2604,0.852996
2605,0.8150744
2606,0.743537
2607,0.6454381
2608,0.6309226
2609,0.5826362
2610,0.57963115
2611,0.5532039
2612,0.52555007
2613,0.3295657
2614,0.27629194
2615,0.23771822
2616,0.19693695
2617,0.19919673
2618,0.20380403
2619,0.08310709
2620,0.08272795
2621,0.08476067
2622,0.0522219
2623,0.049857266
2624,0.048310973
2625,0.04200635
2626,0.043692388
2627,0.046538033
2628,0.35357776
2629,0.33550447
2630,0.31928343
2631,0.36919436
2632,0.34920788
2633,0.32874075
2634,0.26058823
2635,0.23123363
2636,0.19743076
2637,0.16938584
2638,0.1602208
2639,0.15617856
2640,0.14335649
2641,0.13552168
2642,0.09566576
2643,0.10633416
2644,0.10260666
2645,0.09593753
2646,0.252701
2647,0.27145827
2648,0.26930237
2649,0.24159236
2650,0.25171766
2651,0.24875435
2652,0.19650716
2653,0.19942515
2654,0.20901462
2655,2.6984065
2656,2.0651836
2657,1.2050567
2658,2.5221572
2659,1.881427
2660,1.101962
2661,2.0632606
2662,1.5860585
2663,0.9247333
2664,1.1898582
2665,1.023031
2666,0.7138554
2667,0.4236074
2668,0.37334785
2669,0.35405636
2670,0.5812081
2671,0.47117713
2672,0.3657568
2673,0.078269996
2674,0.098404266
2675,0.110902674
2676,0.06810982
2677,0.07092906
2678,0.07355911
2679,0.05822409
2680,0.06367365
2681,0.07483251
2682,0.5651599
2683,0.5156516
2684,0.42256072
2685,1.1657861
2686,0.92876476
2687,0.52899694
2688,0.5136262
2689,0.4658827
2690,0.29336452
2691,0.22228505
2692,0.20431687
2693,0.16268131
2694,0.123063274
2695,0.14697608
2696,0.09379611
2697,0.11282367
2698,0.112647064
2699,0.09499893
2700,0.13602686
2701,0.14681438
2702,0.15981323
2703,0.0883166
2704,0.09551708
2705,0.10539956
2706,0.055945434
2707,0.06565515
2708,0.08470229
2709,0.87742716
2710,0.8663515
2711,0.8071997
2712,0.676677
2713,0.6947545
2714,0.6762114
2715,0.3973646
2716,0.40939987
2717,0.40167925
2718,0.4306875
2719,0.4338813
2720,0.42178628
2721,0.32007656
2722,0.25298318
2723,0.14965098
2724,0.12769978
2725,0.13191696
2726,0.13518198
2727,0.083822586
2728,0.081499465
2729,0.073807515
2730,0.04533068
2731,0.04535047
2732,0.038012244
2733,0.028179979
2734,0.03024835
2735,0.032368727
2736,0.30893448
2737,0.25502932
2738,0.2141226
2739,0.3194501
2740,0.2459005
2741,0.1696937
2742,0.18043436
2743,0.13092554
2744,0.10193548
2745,0.21886337
2746,0.20933288
2747,0.18808024
2748,0.12602928
2749,0.082919575
2750,0.052483656
2751,0.05379788
2752,0.052549906
2753,0.050839312
2754,0.06458611
2755,0.0656688
2756,0.064116634
2757,0.045087345
2758,0.04439629
2759,0.043053217
2760,0.031109368
2761,0.03276054
2762,0.03581486
2763,0.24313122
2764,0.2232083
2765,0.1929109
2766,0.22962098
2767,0.20589225
2768,0.16839698
2769,0.21456431
2770,0.19703601
2771,0.16306493
2772,0.1840599
2773,0.16852954
2774,0.14374343
2775,0.102615364
2776,0.081808396
2777,0.071653254
2778,0.08710725
2779,0.07864902
2780,0.068666585
2781,0.17679095
2782,0.16355565
2783,0.16328603
2784,0.14292134
2785,0.13177907
2786,0.1428892
2787,0.119297646
2788,0.11466306
2789,0.1377308
2790,0.8910097
2791,0.7902638
2792,0.45418727
2793,0.86171633
2794,0.7866053
2795,0.4615424
2796,0.8299155
2797,0.76792395
2798,0.5057319
2799,0.54709226
2800,0.46492872
2801,0.2729346
2802,0.19654746
2803,0.20149037
2804,0.21660648
2805,0.2674168
2806,0.25492516
2807,0.19801758
2808,0.10591657
2809,0.112590514
2810,0.118176006
2811,0.059059776
2812,0.06231735
2813,0.066380836
2814,0.04776282
2815,0.05517546
2816,0.06495551
2817,0.4756252
2818,0.4640655
2819,0.42724657
2820,0.3849263
2821,0.3697828
2822,0.33710107
2823,0.23233087
2824,0.23156872
2825,0.21969049
2826,0.27103722
2827,0.26715133
2828,0.25446025
2829,0.19822274
2830,0.16176821
2831,0.10815994
2832,0.09796739
2833,0.09765322
2834,0.09710238
2835,0.16787799
2836,0.16616285
2837,0.15648365
2838,0.08856458
2839,0.09287418
2840,0.082040705
2841,0.0751111
2842,0.078016914
2843,0.07934765
2844,0.8302407
2845,0.56538147
2846,0.49414024
2847,0.77650094
2848,0.4563103
2849,0.42130685
2850,0.6305818
2851,0.50331444
2852,0.38540837
2853,0.48029009
2854,0.42299375
2855,0.3570663
2856,0.2168254
2857,0.15202253
2858,0.13845542
2859,0.17771599
2860,0.15418035
2861,0.13390347
2862,0.07899911
2863,0.091341354
2864,0.09563381
2865,0.06482757
2866,0.059739895
2867,0.058001913
2868,0.050917037
2869,0.047763504
2870,0.058011033
2871,0.58476806
2872,0.43232214
2873,0.29339823
2874,0.7744552
2875,0.5485743
2876,0.32204154
2877,0.5347241
2878,0.42126378
2879,0.20314388
2880,0.23412047
2881,0.20212182
2882,0.15432225
2883,0.108750455
2884,0.097968735
2885,0.08269555
2886,0.1184453
2887,0.10588754
2888,0.087640114
2889,0.15672061
2890,0.13499907
2891,0.09389389
2892,0.10895986
2893,0.07929862
2894,0.06466461
2895,0.06462545
2896,0.061067887
2897,0.060400285
2898,1.7735119
2899,0.7605175
2900,0.49108535
2901,1.446431
2902,0.6092696
2903,0.41515985
2904,0.79590774
2905,0.3784936
2906,0.3267595
2907,0.8476647
2908,0.33991608
2909,0.21303017
2910,0.13931756
2911,0.12993015
2912,0.11670027
2913,0.21802609
2914,0.14774254
2915,0.11794699
2916,0.17390768
2917,0.17465101
2918,0.1647853
2919,0.12543438
2920,0.13077861
2921,0.13074894
2922,0.0805592
2923,0.088442065
2924,0.09770314
2925,1.5371546
2926,1.1170672
2927,0.5658848
2928,1.160808
2929,0.88627744
2930,0.51465917
2931,0.8365762
2932,0.6439976
2933,0.4311491
2934,0.6623166
2935,0.4681883
2936,0.32503375
2937,0.17652152
2938,0.14785857
2939,0.122993805
2940,0.19785912
2941,0.16623378
2942,0.12479324
2943,0.13711274
2944,0.1434833
2945,0.12806141
2946,0.102099486
2947,0.096634276
2948,0.0799096
2949,0.08154733
2950,0.07744197
2951,0.076528974
2952,0.6732982
2953,0.48455235
2954,0.32379216
2955,0.7120911
2956,0.46512142
2957,0.33774933
2958,0.65096414
2959,0.4953876
2960,0.3269158
2961,0.36117497
2962,0.32550415
2963,0.21052803
2964,0.16604927
2965,0.15393467
2966,0.14338177
2967,0.23264168
2968,0.2154118
2969,0.15826148
2970,0.1202021
2971,0.13750803
2972,0.15262786
2973,0.058212943
2974,0.0613055
2975,0.06418384
2976,0.03763
2977,0.04386858
2978,0.059200175
2979,0.6883609
2980,0.7140713
2981,0.64810824
2982,0.60779107
2983,0.5696059
2984,0.49378103
2985,0.24763986
2986,0.23856835
2987,0.23897824
2988,0.335327
2989,0.3788759
2990,0.3697797
2991,0.27455235
2992,0.1766047
2993,0.10147414
2994,0.08462665
2995,0.09088183
2996,0.09448642
2997,0.13133171
2998,0.12876414
2999,0.12685885
3000,0.10120071
3001,0.10589985
3002,0.10694236
3003,0.0897939
3004,0.09606702
3005,0.09963591
3006,0.74818915
3007,0.70949125
3008,0.6052607
3009,0.5999519
3010,0.5625263
3011,0.46457025
3012,0.46938404
3013,0.43952504
3014,0.37455115
3015,0.43801492
3016,0.40434828
3017,0.35646573
3018,0.27122042
3019,0.21507439
3020,0.16565049
3021,0.21053043
3022,0.1821397
3023,0.15364967
3024,0.08034647
3025,0.07237474
3026,0.053795166
3027,0.04252059
3028,0.032809086
3029,0.0326202
3030,0.03579039
3031,0.028703308
3032,0.033525087
3033,0.363599
3034,0.23794453
3035,0.16158827
3036,0.29281124
3037,0.19992888
3038,0.1495986
3039,0.26944992
3040,0.19210422
3041,0.14940529
3042,0.2490688
3043,0.19493766
3044,0.11555121
3045,0.08225665
3046,0.07045559
3047,0.065202214
3048,0.10254989
3049,0.08269141
3050,0.066896774
3051,0.08446608
3052,0.098864235
3053,0.11327202
3054,0.06531382
3055,0.06939966
3056,0.08061398
3057,0.04962135
3058,0.05187831
3059,0.06481115
3060,0.4467852
3061,0.46742994
3062,0.42766497
3063,0.36983186
3064,0.37006864
3065,0.33688694
3066,0.31561327
3067,0.30830702
3068,0.28105786
3069,0.2694286
3070,0.27569088
3071,0.24903403
3072,0.18471313
3073,0.16043185
3074,0.13231811
3075,0.15526055
3076,0.14408515
3077,0.12956728
3078,0.18593058
3079,0.20085001
3080,0.2199304
3081,0.14731528
3082,0.15419412
3083,0.16759712
3084,0.098870166
3085,0.112536855
3086,0.1267537
3087,1.0467138
3088,1.1471031
3089,1.2474121
3090,1.0976816
3091,1.14639
3092,1.160546
3093,0.6927504
3094,0.76320237
3095,0.802647
3096,0.564325
3097,0.60831964
3098,0.6392545
3099,0.5772805
3100,0.4266432
3101,0.33702147
3102,0.31551513
3103,0.33338735
3104,0.35066754
3105,0.07166333
3106,0.076970644
3107,0.07266734
3108,0.060484745
3109,0.051263966
3110,0.04888136
3111,0.044027306
3112,0.040119357
3113,0.041571476
3114,0.490873
3115,0.3432111
3116,0.26881886
3117,0.6122471
3118,0.36164925
3119,0.24458277
3120,0.4427225
3121,0.28038007
3122,0.16370195
3123,0.20249899
3124,0.14165616
3125,0.10915633
3126,0.09503228
3127,0.102346875
3128,0.08294094
3129,0.11759514
3130,0.09487293
3131,0.08471856
3132,0.053224064
3133,0.05285112
3134,0.0488875
3135,0.03527475
3136,0.036148943
3137,0.043726154
3138,0.027318573
3139,0.031330235
3140,0.041034468
3141,0.2416122
3142,0.21284592
3143,0.15490451
3144,0.2344922
3145,0.20473504
3146,0.15260991
3147,0.21120054
3148,0.1913218
3149,0.14314409
3150,0.17692935
3151,0.14417641
3152,0.09464762
3153,0.074810006
3154,0.06404654
3155,0.05885426
3156,0.08822403
3157,0.07942305
3158,0.057297356
3159,0.09483249
3160,0.104627825
3161,0.096268184
3162,0.061063327
3163,0.060952462
3164,0.052697428
3165,0.045413233
3166,0.046676554
3167,0.04597614
3168,0.515196
3169,0.4767978
3170,0.30806938
3171,0.47424036
3172,0.43337524
3173,0.22378568
3174,0.31763253
3175,0.26016617
3176,0.1462541
3177,0.29365888
3178,0.27123395
3179,0.16550577
3180,0.13183716
3181,0.09681133
3182,0.07548631
3183,0.11544239
3184,0.10140712
3185,0.073719926
3186,0.17840518
3187,0.18206507
3188,0.18593335
3189,0.14955615
3190,0.1515859
3191,0.15399243
3192,0.109901346
3193,0.11488109
3194,0.12082491
3195,1.1221801
3196,1.1059184
3197,1.0724481
3198,0.9074106
3199,0.8735549
3200,0.83714086
3201,0.71181947
3202,0.70122063
